,mean_sf,sf_1.0,sf_gte_0.9,errors,n
A_현행,0.8992000000000001,0.0,56.99999999999999,0.0,100.0
B_스키마,0.88528,0.0,39.0,0.0,100.0
C_fewshot,0.9102400000000002,0.0,85.0,0.0,100.0
